file,category,attributes,caption,license
images/land_001.jpg,land,outdoor;natural;nature;fog,Nature Fog Outdoors,Pixabay Content License
images/land_002.jpg,land,outdoor;natural;mountains;valley,Mountains Valley Sunlight,Pixabay Content License
images/land_003.jpg,land,outdoor;natural;dry;floor,Dry Floor Sand,Pixabay Content License
images/land_004.jpg,land,outdoor;natural;snow;frozen,Snow Frozen Winter,Pixabay Content License
images/land_005.jpg,land,outdoor;natural;monastery;ottilien,Monastery Ottilien Bavaria,Pixabay Content License
images/land_006.jpg,land,outdoor;natural;landscape;cliff,Landscape Cliff Mountain,Pixabay Content License
images/land_007.jpg,land,outdoor;natural;autumn;mountain,Autumn Mountain Meadow,Pixabay Content License
images/land_008.jpg,land,outdoor;natural;hilly;countryside,Hilly Countryside Highland,Pixabay Content License
images/land_009.jpg,land,outdoor;natural;limestone;hills,Limestone Hills Limestone Hills,Pixabay Content License
images/land_010.jpg,land,outdoor;natural;sea;ocean,Sea Ocean Water,Pixabay Content License
images/land_011.jpg,land,outdoor;natural;heather;sheep,Heather Heath Sheep Sheep,Pixabay Content License
images/land_012.jpg,land,outdoor;natural;landscape;salt,Landscape Salt Salt Flat,Pixabay Content License
images/land_013.jpg,land,outdoor;natural;yana;geology,Yana Rock Formation Geology,Pixabay Content License
images/land_014.jpg,land,outdoor;natural;etretat;beach,Etretat Beach Sunrise,Pixabay Content License
images/land_015.jpg,land,outdoor;natural;mountain;highland,Mountain Highland Cloud,Pixabay Content License
images/land_016.jpg,land,outdoor;natural;drone;aeriel,Drone Aeriel Aerial,Pixabay Content License
images/water_001.jpg,water,outdoor;water;nature;landscape,Water Nature Landscape,Pixabay Content License
images/water_002.jpg,water,outdoor;water;nature;river,Water Nature River,Pixabay Content License
images/water_003.jpg,water,outdoor;dubai;nature;desert,Dubai Nature Desert,Pixabay Content License
images/water_004.jpg,water,outdoor;winter;season;nature,Winter Season Nature,Pixabay Content License
images/water_005.jpg,water,outdoor;thermal;rotorua;hotpool,New Zealand Thermal Rotorua,Pixabay Content License
images/water_006.jpg,water,outdoor;bosnia;balkan;europe,Bosnia Balkan Europe,Pixabay Content License
images/water_007.jpg,water,outdoor;forest;sunset;snow,Frozen Lake Forest Sunset,Pixabay Content License
images/water_008.jpg,water,outdoor;icebear;nature;arctic,Polar Bears Icebear Ursus Maritimus,Pixabay Content License
images/water_009.jpg,water,outdoor;rose;nature;flower,Rose Nature Flower,Pixabay Content License
images/water_010.jpg,water,outdoor;romania;danube;delta,Romania Danube Danube Cruise,Pixabay Content License
images/water_011.jpg,water,outdoor;mountains;landscape;trees,Mountains Landscape Trees,Pixabay Content License
images/water_012.jpg,water,outdoor;jellyfish;underwater;ocean,Jellyfish Underwater Ocean,Pixabay Content License
images/water_013.jpg,water,outdoor;frozen;lake;landscape,Frozen Lake Landscape,Pixabay Content License
images/water_014.jpg,water,outdoor;pond;flowers;bloom,Water Lilies Pond Flower Background,Pixabay Content License
images/water_015.jpg,water,outdoor;people;girl;kid,People Girl Kid,Pixabay Content License
images/water_016.jpg,water,outdoor;river;water;landscape,River Water Landscape,Pixabay Content License
images/structure_001.jpg,structure,outdoor;geometric;stairs;gate,Stairs Gate Church,Pixabay Content License
images/structure_002.jpg,structure,outdoor;geometric;masts;nature,Masts Nature Sunset,Pixabay Content License
images/structure_003.jpg,structure,outdoor;geometric;building;architecture,Building Architecture Modern,Pixabay Content License
images/structure_004.jpg,structure,outdoor;geometric;architecture;frankfurt,Architecture Frankfurt Skyscrapers,Pixabay Content License
images/structure_005.jpg,structure,outdoor;geometric;city;smoke,City Power Plant Smoke,Pixabay Content License
images/structure_006.jpg,structure,outdoor;geometric;jungingen;ulm,Grain Silo Schapfe Mill Flour Mill,Pixabay Content License
images/structure_007.jpg,structure,outdoor;geometric;concrete;building,Concrete Concrete Background White Concrete,Pixabay Content License
images/structure_008.jpg,structure,outdoor;geometric;dam;mountain,Dam Hydroelectric Power Plant Mountain,Pixabay Content License
images/structure_009.jpg,structure,outdoor;geometric;tunisia;amphitheater,Tunisia El Jem Amphitheater,Pixabay Content License
images/structure_010.jpg,structure,outdoor;geometric;china;temple,China Temple Chinese,Pixabay Content License
images/structure_011.jpg,structure,outdoor;geometric;tattershall;castle,Tattershall Castle Keep,Pixabay Content License
images/structure_012.jpg,structure,outdoor;geometric;skyscraper;architecture,Skyscraper Architecture City,Pixabay Content License
images/structure_013.jpg,structure,outdoor;geometric;dome;observatory,Dome Observatory Circle,Pixabay Content License
images/structure_014.jpg,structure,outdoor;geometric;architecture;buildings,Architecture Buildings Cars,Pixabay Content License
images/structure_015.jpg,structure,outdoor;geometric;stairwell;railing,Stairwell Railing Biedermeier,Pixabay Content License
images/structure_016.jpg,structure,outdoor;geometric;tunnel;architectural,Tunnel Architectural Running,Pixabay Content License
images/motion_001.jpg,motion,outdoor;dynamic;night;stars,Star Trails Night Stars,Pixabay Content License
images/motion_002.jpg,motion,outdoor;dynamic;hummingbird;bird,Anna's Hummingbird Hummingbird Bird,Pixabay Content License
images/motion_003.jpg,motion,outdoor;dynamic;przep_d;stud,Horses On The Move Przepęd Return To The Stables,Pixabay Content License
images/motion_004.jpg,motion,outdoor;dynamic;angelfish;thailand,Angelfish Thailand School Of Angelfish,Pixabay Content License
images/motion_005.jpg,motion,outdoor;dynamic;dandelion;heaven,Dandelion Heaven Flower,Pixabay Content License
images/motion_006.jpg,motion,outdoor;dynamic;girl;pretty,Girl Pretty Outdoors,Pixabay Content License
images/motion_007.jpg,motion,outdoor;dynamic;colourful;flowers,Colourful Flowers Spring,Pixabay Content License
images/motion_008.jpg,motion,outdoor;dynamic;bubbles;iridescent,Bubbles Iridescent Lightness,Pixabay Content License
images/motion_009.jpg,motion,outdoor;dynamic;carnival;fair,Amusement Park Theme Park Carnival,Pixabay Content License
images/motion_010.jpg,motion,outdoor;dynamic;canada;quebec,Whales From The Lighthouse In Tadoussac Chrono 316 Windmill Gard,Pixabay Content License
images/motion_011.jpg,motion,outdoor;dynamic;river;raft,River Raft Rafting,Pixabay Content License
images/motion_012.jpg,motion,outdoor;dynamic;horse;running,Horse Running Galloping,Pixabay Content License
images/motion_013.jpg,motion,outdoor;dynamic;alps;winter,Alps Winter Landscape,Pixabay Content License
images/motion_014.jpg,motion,outdoor;dynamic;geese;flight,Flock Of Birds Canada Geese Geese,Pixabay Content License
images/motion_015.jpg,motion,outdoor;dynamic;namibia;desert,Namibia Desert Sand,Pixabay Content License
images/motion_016.jpg,motion,outdoor;dynamic;cars;road,Cars Road Highway,Pixabay Content License
images/life_001.jpg,life,outdoor;organic;tree;nature,Tree Nature Forest,Pixabay Content License
images/life_002.jpg,life,outdoor;organic;succulents;fleshy,Succulents Fleshy Succulent,Pixabay Content License
images/life_003.jpg,life,outdoor;organic;branch;pink,Cherry Blossoms Branch Pink,Pixabay Content License
images/life_004.jpg,life,outdoor;organic;forest;usa,Forest Usa California,Pixabay Content License
images/life_005.jpg,life,outdoor;organic;trees;forest,Trees Forest Fog,Pixabay Content License
images/life_006.jpg,life,outdoor;organic;sunbeams;nature,Dirt Road Sunbeams Nature,Pixabay Content License
images/life_007.jpg,life,outdoor;organic;spring;walk,Old Tree Spring Walk,Pixabay Content License
images/life_008.jpg,life,outdoor;organic;lavenders;flower,Lavenders Flower Flower Wallpaper,Pixabay Content License
images/life_009.jpg,life,outdoor;organic;forest;sequoia,Forest Sequoia Trees,Pixabay Content License
images/life_010.jpg,life,outdoor;organic;fern;nature,Fern Nature Green,Pixabay Content License
images/life_011.jpg,life,outdoor;organic;trees;forest,Trees Forest Tree Trunks,Pixabay Content License
images/life_012.jpg,life,outdoor;organic;pink;spring,Cherry Blossom Pink Spring,Pixabay Content License
images/life_013.jpg,life,outdoor;organic;forest;land,Forest Land Nature,Pixabay Content License
images/life_014.jpg,life,outdoor;organic;kitz;wild,Roe Deer Kitz Wild,Pixabay Content License
images/life_015.jpg,life,outdoor;organic;dandelion;meadow,Dandelion Meadow Dandelion Meadow,Pixabay Content License
images/life_016.jpg,life,outdoor;organic;bird;nature,Bird Nature Animal,Pixabay Content License
images/energy_001.jpg,energy,luminous;flame;sparks;night,Flame Sparks The Bonfire,Pixabay Content License
images/energy_002.jpg,energy,luminous;sunset;fog;nature,Sunset Fog Evening Atmosphere,Pixabay Content License
images/energy_003.jpg,energy,luminous;green;shining;electrons,Northern Lights Aurora Borealis Solar Wind,Pixabay Content License
images/energy_004.jpg,energy,luminous;japan;osaka;pedestrians,Japan Osaka Pedestrians,Pixabay Content License
images/energy_005.jpg,energy,luminous;fireworks;celebrate;freedom,Fireworks Celebrate July 4th,Pixabay Content License
images/energy_006.jpg,energy,luminous;fireworks;show;pyrotechnics,Fireworks Show Pyrotechnics,Pixabay Content License
images/energy_007.jpg,energy,luminous;borealis;lapland,Northern Lights Borealis Aurora Borealis,Pixabay Content License
images/energy_008.jpg,energy,luminous;person;pear;lightbulb,Person Pear Lightbulb,Pixabay Content License
images/energy_009.png,energy,luminous;png;arc;architectural,Png Arc Ancient Stones Arc,Pixabay Content License
images/energy_010.jpg,energy,luminous;buildings;skyscrapers;architecture,Buildings Skyscrapers Architecture,Pixabay Content License
images/energy_011.jpg,energy,luminous;clouds;nature;sky,Clouds Nature Sky,Pixabay Content License
images/energy_012.jpg,energy,luminous;lightshow;laser;music,Lightshow Laser Music,Pixabay Content License
images/energy_013.jpg,energy,luminous;aurora;ice;adventure,Christmas Background Aurora Polar Lights,Pixabay Content License
images/energy_014.jpg,energy,luminous;fireworks;hanabi;colorful,Fireworks Hanabi Colorful,Pixabay Content License
images/energy_015.jpg,energy,luminous;norway;tromso;troms_,Aurora Borealis Green Aurora Northern Light,Pixabay Content License
images/energy_016.jpg,energy,luminous;avenue;trees;path,Avenue Trees Path,Pixabay Content License
